City_ID,City,Country,Date,Lat,Lng,Max Temp,Humidity,Cloudiness,Wind Speed
0,Awjilah,LY,2021-04-06 21:28:41,29.1081,21.2869,64.26,59,89,15.61
1,Bluff,NZ,2021-04-06 21:28:42,-46.6,168.3333,54.0,85,100,4.0
2,Beira,MZ,2021-04-06 21:28:42,-19.8436,34.8389,78.01,61,0,11.48
3,Barcelos,PT,2021-04-06 21:28:21,41.5388,-8.6151,57.0,100,0,3.11
4,Provideniya,RU,2021-04-06 21:28:42,64.3833,-173.3,5.0,66,0,6.71
5,Roma,US,2021-04-06 21:28:02,43.2128,-75.4557,61.0,18,1,12.66
6,Los Llanos De Aridane,ES,2021-04-06 21:28:43,28.6585,-17.9182,66.2,77,0,4.61
7,Ushuaia,AR,2021-04-06 21:28:43,-54.8,-68.3,51.8,62,75,6.91
8,Ponta Do Sol,PT,2021-04-06 21:28:43,32.6667,-17.1,61.0,69,13,3.0
9,Ribeira Grande,PT,2021-04-06 21:25:40,38.5167,-28.7,62.6,77,20,4.61
10,Chuy,UY,2021-04-06 21:25:33,-33.6971,-53.4616,70.41,79,10,7.83
11,Hobart,AU,2021-04-06 21:25:10,-42.8794,147.3294,52.0,93,20,5.75
12,San Cristobal,VE,2021-04-06 21:28:45,7.7669,-72.225,87.8,48,40,11.5
13,Mana,GF,2021-04-06 21:28:45,5.6592,-53.7767,79.79,81,57,10.33
14,Jos,NG,2021-04-06 21:28:45,9.9167,8.9,77.36,18,24,4.18
15,Catamarca,AR,2021-04-06 21:28:46,-28.4696,-65.7852,81.0,72,13,11.01
16,Torbay,CA,2021-04-06 21:28:46,47.6666,-52.7314,39.0,100,90,11.5
17,Izmit,TR,2021-04-06 21:23:58,40.7669,29.9169,66.99,77,0,6.91
18,Neiafu,TO,2021-04-06 21:28:46,-18.65,-173.9833,80.6,69,20,5.75
19,Constitucion,CL,2021-04-06 21:28:47,-35.3333,-72.4167,62.74,70,96,6.33
20,Nhamunda,BR,2021-04-06 21:28:47,-2.1861,-56.7131,81.28,79,90,2.28
21,Cozumel,MX,2021-04-06 21:24:34,20.5083,-86.9458,80.6,61,90,12.66
22,Butaritari,KI,2021-04-06 21:28:48,3.0707,172.7902,80.11,76,100,4.29
23,Mahebourg,MU,2021-04-06 21:28:14,-20.4081,57.7,77.0,94,40,6.91
24,Palmer,US,2021-04-06 21:26:31,42.1584,-72.3287,66.2,26,20,10.36
25,Kyakhta,RU,2021-04-06 21:28:48,50.3508,106.4494,35.53,61,14,2.46
26,Port Alfred,ZA,2021-04-06 21:25:15,-33.5906,26.891,65.77,83,31,17.98
27,Husavik,IS,2021-04-06 21:28:50,66.0449,-17.3389,15.8,62,0,3.44
28,Spassk-Dalniy,RU,2021-04-06 21:28:50,44.5978,132.8211,31.62,53,31,6.73
29,Busselton,AU,2021-04-06 21:28:50,-33.65,115.3333,59.0,97,73,5.53
30,Rikitea,PF,2021-04-06 21:25:08,-23.1203,-134.9692,76.86,72,9,10.04
31,Greencastle,US,2021-04-06 21:28:51,39.6445,-86.8647,77.0,41,40,13.8
32,Albany,US,2021-04-06 21:25:34,42.6001,-73.9662,64.99,14,5,3.0
33,Faya,SA,2021-04-06 21:28:51,18.3851,42.4509,68.0,42,13,6.91
34,Tynda,RU,2021-04-06 21:28:52,55.1667,124.7167,-11.49,94,5,4.52
35,Nikitinskiy,RU,2021-04-06 21:28:52,54.5845,86.0115,34.2,85,100,11.54
36,Atuona,PF,2021-04-06 21:28:33,-9.8,-139.0333,80.67,79,68,10.6
37,Yellowknife,CA,2021-04-06 21:26:16,62.456,-114.3525,19.0,73,90,17.27
38,Fortuna,US,2021-04-06 21:28:42,40.5982,-124.1573,57.0,76,20,18.41
39,Port Elizabeth,ZA,2021-04-06 21:26:50,-33.918,25.5701,57.99,94,36,7.14
40,Katherine,AU,2021-04-06 21:28:53,-14.4667,132.2667,69.8,88,94,4.23
41,Geraldton,AU,2021-04-06 21:28:53,-28.7667,114.6,68.0,83,36,5.75
42,Gamba,GA,2021-04-06 21:28:53,-2.65,10.0,77.65,90,97,4.29
43,Baykit,RU,2021-04-06 21:28:54,61.67,96.37,36.59,98,100,4.56
44,Kapaa,US,2021-04-06 21:25:39,22.0752,-159.319,78.8,47,20,21.85
45,Pevek,RU,2021-04-06 21:28:54,69.7008,170.3133,-17.97,99,100,6.44
46,Cabo San Lucas,MX,2021-04-06 21:27:20,22.8909,-109.9124,80.6,60,1,4.61
47,Mao,ES,2021-04-06 21:24:30,39.8885,4.2658,53.6,66,20,13.8
48,Punta Arenas,CL,2021-04-06 21:28:28,-53.15,-70.9167,48.2,87,90,12.66
49,Anadyr,RU,2021-04-06 21:28:55,64.75,177.4833,-9.0,77,0,6.71
50,Cape Town,ZA,2021-04-06 21:28:39,-33.9258,18.4232,64.0,88,0,11.5
51,Ambahta,IN,2021-04-06 21:28:55,29.85,77.3333,78.73,21,100,10.33
52,Murgab,TM,2021-04-06 21:28:56,37.4966,61.9714,55.4,58,90,4.61
53,Saskylakh,RU,2021-04-06 21:28:56,71.9167,114.0833,7.74,95,100,7.34
54,Kokstad,ZA,2021-04-06 21:28:57,-30.5472,29.4241,56.55,96,100,3.74
55,Cidreira,BR,2021-04-06 21:28:32,-30.1811,-50.2056,73.78,81,0,13.42
56,Chokurdakh,RU,2021-04-06 21:28:57,70.6333,147.9167,-21.17,92,98,1.79
57,Carnarvon,AU,2021-04-06 21:25:06,-24.8667,113.6333,75.2,83,88,13.8
58,Nicoya,CR,2021-04-06 21:28:57,10.1483,-85.452,91.4,35,0,13.8
59,Grand Gaube,MU,2021-04-06 21:28:58,-20.0064,57.6608,77.0,94,40,6.91
60,Kidal,ML,2021-04-06 21:28:58,18.4411,1.4078,86.54,6,4,11.48
61,Flinders,AU,2021-04-06 21:28:30,-34.5833,150.8552,68.0,94,44,4.88
62,Severo-Kurilsk,RU,2021-04-06 21:28:58,50.6789,156.125,26.55,73,18,16.06
63,Burgeo,CA,2021-04-06 21:28:59,47.6167,-57.6152,42.21,95,100,14.09
64,Jamestown,US,2021-04-06 21:28:59,42.097,-79.2353,71.01,42,75,4.61
65,Buala,SB,2021-04-06 21:28:59,-8.145,159.5921,78.28,87,100,8.88
66,Puerto Ayora,EC,2021-04-06 21:28:53,-0.7393,-90.3518,80.6,83,20,9.22
67,Avarua,CK,2021-04-06 21:28:24,-21.2078,-159.775,82.4,69,75,13.8
68,Jixi,CN,2021-04-06 21:29:00,45.3,130.9667,28.96,31,32,11.05
69,Airai,TL,2021-04-06 21:27:03,-8.9266,125.4092,59.77,85,78,0.98
70,Thompson,CA,2021-04-06 21:29:00,55.7435,-97.8558,39.2,56,20,2.3
71,Bonfim,BR,2021-04-06 21:29:01,3.0833,-59.95,75.2,94,90,9.22
72,Victoria,HK,2021-04-06 21:24:47,22.2855,114.1577,73.0,82,87,1.01
73,Saint-Philippe,RE,2021-04-06 21:28:32,-21.3585,55.7679,78.8,69,0,5.75
74,Morro Bay,US,2021-04-06 21:25:23,35.3658,-120.8499,73.0,77,60,5.01
75,Bacalar,MX,2021-04-06 21:29:01,18.6667,-88.3833,82.0,69,75,11.5
76,San Patricio,US,2021-04-06 21:26:28,28.017,-97.5169,82.0,65,75,25.32
77,Half Moon Bay,US,2021-04-06 21:29:02,37.4636,-122.4286,64.99,76,90,8.05
78,Sovetskiy,RU,2021-04-06 21:29:02,61.3614,63.5842,27.52,96,4,2.77
79,Iqaluit,CA,2021-04-06 21:29:03,63.7506,-68.5145,14.0,92,90,5.75
80,Vaini,TO,2021-04-06 21:28:25,-21.2,-175.2,78.8,78,20,6.91
81,Upernavik,GL,2021-04-06 21:29:03,72.7868,-56.1549,8.38,92,100,16.6
82,Chernyshevskiy,RU,2021-04-06 21:29:04,63.0128,112.4714,25.63,95,100,4.79
83,Tuatapere,NZ,2021-04-06 21:29:04,-46.1333,167.6833,54.0,85,98,4.0
84,Mabaruma,GY,2021-04-06 21:29:04,8.2,-59.7833,77.22,93,100,4.99
85,Port Blair,IN,2021-04-06 21:29:04,11.6667,92.75,80.08,77,81,4.07
86,Suntar,RU,2021-04-06 21:29:05,62.1444,117.6319,16.02,95,100,7.31
87,Hilo,US,2021-04-06 21:29:05,19.7297,-155.09,69.8,83,90,10.36
88,Bredasdorp,ZA,2021-04-06 21:28:30,-34.5322,20.0403,57.2,94,67,1.14
89,Tuy Hoa,VN,2021-04-06 21:29:06,13.0833,109.3,73.58,92,89,3.38
90,Gornopravdinsk,RU,2021-04-06 21:29:06,60.05,69.9,30.81,95,100,10.49
91,Kaitangata,NZ,2021-04-06 21:28:39,-46.2817,169.8464,59.0,74,100,8.99
92,Saldanha,ZA,2021-04-06 21:25:53,-33.0117,17.9442,62.6,63,4,4.61
93,Tuka,PH,2021-04-06 21:29:06,6.52,124.585,74.19,87,99,0.85
94,Codrington,AU,2021-04-06 21:26:48,-38.2667,141.9667,50.81,93,19,6.33
95,Mataura,NZ,2021-04-06 21:28:20,-46.1927,168.8643,54.0,85,100,4.0
96,Shakiso,ET,2021-04-06 21:24:24,5.75,38.9167,59.05,95,16,2.44
97,Talnakh,RU,2021-04-06 21:29:07,69.4865,88.3972,25.7,97,100,2.8
98,Georgetown,MY,2021-04-06 21:25:11,5.4112,100.3354,79.0,94,20,2.3
99,Santa Clara,CU,2021-04-06 21:29:08,22.4,-79.9667,78.8,61,75,19.57
100,Tasiilaq,GL,2021-04-06 21:25:36,65.6145,-37.6368,21.2,93,100,20.71
101,Ancud,CL,2021-04-06 21:25:54,-41.8697,-73.8203,60.01,82,75,10.36
102,Lompoc,US,2021-04-06 21:29:08,34.6391,-120.4579,61.0,67,92,19.57
103,Kahului,US,2021-04-06 21:25:42,20.8947,-156.47,75.2,69,40,16.11
104,Kasongo,CD,2021-04-06 21:29:09,-4.45,26.6667,70.12,95,82,2.08
105,Havre-Saint-Pierre,CA,2021-04-06 21:29:09,50.2334,-63.5986,50.0,71,90,19.57
106,Ambulu,ID,2021-04-06 21:29:09,-8.345,113.6058,75.33,92,100,2.33
107,Gao,ML,2021-04-06 21:29:10,16.6362,1.637,87.01,7,35,9.6
108,Inirida,CO,2021-04-06 21:29:10,3.8653,-67.9239,77.4,92,86,3.33
109,Bardiyah,LY,2021-04-06 21:29:10,31.7561,25.0865,60.19,84,55,14.61
110,New Norfolk,AU,2021-04-06 21:29:11,-42.7826,147.0587,53.01,81,56,2.37
111,Moose Factory,CA,2021-04-06 21:28:15,51.2585,-80.6094,41.0,81,90,2.3
112,Alofi,NU,2021-04-06 21:26:41,-19.0595,-169.9187,82.4,78,40,5.75
113,Fort-Shevchenko,KZ,2021-04-06 21:29:11,44.5086,50.263,46.0,68,0,7.74
114,Kamsack,CA,2021-04-06 21:29:12,51.5667,-101.9009,60.8,21,1,11.5
115,Anzio,IT,2021-04-06 21:29:12,41.4853,12.6179,55.0,69,29,1.99
116,Tessalit,ML,2021-04-06 21:29:12,20.1986,1.0114,82.31,5,0,8.14
117,Omboue,GA,2021-04-06 21:28:34,-1.5746,9.2618,77.79,91,100,4.65
118,Gisborne,NZ,2021-04-06 21:29:13,-38.6533,178.0042,63.0,86,33,5.01
119,Belaya Gora,RU,2021-04-06 21:29:13,68.5333,146.4167,-11.87,97,100,1.5
120,Voznesenye,RU,2021-04-06 21:29:13,61.0106,35.4781,31.15,78,23,11.18
121,Izvestkovyy,RU,2021-04-06 21:29:14,48.9833,131.55,19.18,60,76,11.14
122,Clyde River,CA,2021-04-06 21:27:51,70.4692,-68.5914,12.2,67,20,13.8
123,Acajutla,SV,2021-04-06 21:28:35,13.5928,-89.8275,93.2,29,40,5.75
124,Iwaki,JP,2021-04-06 21:29:14,37.05,140.8833,39.99,91,90,6.42
125,Tateyama,JP,2021-04-06 21:29:15,34.9833,139.8667,50.0,77,62,11.48
126,Tangshan,CN,2021-04-06 21:29:15,39.6333,118.1833,51.33,45,0,4.92
127,Narsaq,GL,2021-04-06 21:28:28,60.9167,-46.05,35.6,87,75,2.3
128,Castro,BR,2021-04-06 21:28:52,-24.7911,-50.0119,62.83,89,60,4.23
129,Mnogovershinnyy,RU,2021-04-06 21:29:16,53.9353,139.9242,20.62,96,100,5.84
130,Qaanaaq,GL,2021-04-06 21:29:16,77.484,-69.3632,1.98,84,100,1.66
131,Woodward,US,2021-04-06 21:29:16,36.4337,-99.3904,84.2,34,1,29.93
132,Padang,ID,2021-04-06 21:29:17,-0.9492,100.3543,75.2,94,20,3.44
133,Bambous Virieux,MU,2021-04-06 21:28:39,-20.3428,57.7575,77.0,94,40,6.91
134,Conde,BR,2021-04-06 21:25:07,-7.2597,-34.9075,80.6,78,0,10.36
135,Linhares,BR,2021-04-06 21:29:17,-19.3911,-40.0722,72.79,77,26,5.01
136,Sibolga,ID,2021-04-06 21:29:17,1.7427,98.7792,75.52,88,54,3.27
137,Porto Velho,BR,2021-04-06 21:29:18,-8.7619,-63.9039,82.4,78,75,2.3
138,Nyurba,RU,2021-04-06 21:25:37,63.2842,118.3319,12.87,95,100,7.7
139,Bayreuth,DE,2021-04-06 21:29:18,49.9481,11.5783,32.0,86,100,5.01
140,Dukhovshchina,RU,2021-04-06 21:29:19,55.1919,32.4111,33.19,70,100,2.68
141,Hithadhoo,MV,2021-04-06 21:28:14,-0.6,73.0833,83.32,61,97,10.42
142,Dunedin,NZ,2021-04-06 21:29:19,-45.8742,170.5036,57.99,66,58,7.0
143,Laguna,US,2021-04-06 21:29:19,38.421,-121.4238,75.99,40,1,8.05
144,Olafsvik,IS,2021-04-06 21:26:33,64.8945,-23.7142,28.04,67,73,5.48
145,Mandera,KE,2021-04-06 21:29:20,3.9366,41.867,86.29,55,16,5.5
146,Khuzhir,RU,2021-04-06 21:29:20,53.1939,107.3397,25.84,87,40,3.47
147,Katsuura,JP,2021-04-06 21:25:31,35.1333,140.3,50.0,77,54,11.97
148,Te Anau,NZ,2021-04-06 21:29:21,-45.4167,167.7167,49.1,85,27,0.78
149,Hamilton,US,2021-04-06 21:29:21,39.1834,-84.5333,77.0,41,40,11.5
150,Colares,PT,2021-04-06 21:29:21,38.7992,-9.4469,61.0,39,0,10.36
151,Kloulklubed,PW,2021-04-06 21:29:21,7.0419,134.2556,77.0,94,75,3.44
152,San Quintin,MX,2021-04-06 21:29:22,30.4833,-115.95,66.15,62,87,19.06
153,Longyearbyen,SJ,2021-04-06 21:29:22,78.2186,15.6401,10.4,48,20,12.66
154,Teya,RU,2021-04-06 21:29:23,60.3778,92.6267,33.51,86,100,9.1
155,Pisco,PE,2021-04-06 21:29:23,-13.7,-76.2167,77.0,65,0,20.71
156,Hokitika,NZ,2021-04-06 21:29:23,-42.7167,170.9667,56.55,73,8,3.31
157,Maniitsoq,GL,2021-04-06 21:29:23,65.4167,-52.9,23.47,81,19,4.56
158,Dingle,PH,2021-04-06 21:29:10,10.9995,122.6711,74.26,90,91,6.8
159,Mapastepec,MX,2021-04-06 21:29:24,15.4333,-92.9,91.72,43,100,8.68
160,Salalah,OM,2021-04-06 21:29:03,17.0151,54.0924,80.6,74,0,2.3
161,Barrow,US,2021-04-06 21:29:24,71.2906,-156.7887,-5.8,77,1,11.5
162,College,US,2021-04-06 21:29:25,64.8569,-147.8028,12.0,61,20,1.74
163,Avera,US,2021-04-06 21:29:25,33.194,-82.5271,82.4,21,1,3.44
164,Yerofey Pavlovich,RU,2021-04-06 21:29:25,53.9667,121.9667,4.17,85,60,3.2
165,Weingarten,DE,2021-04-06 21:29:26,47.8,9.6333,30.99,93,90,4.61
166,Sept-Iles,CA,2021-04-06 21:25:24,50.2001,-66.3821,50.0,76,100,4.61
167,Zhob,PK,2021-04-06 21:29:26,31.3411,69.4481,58.46,14,0,11.23
168,Aklavik,CA,2021-04-06 21:26:54,68.2191,-135.0107,1.4,60,90,4.83
169,Gat,IL,2021-04-06 21:29:27,31.61,34.7642,73.0,31,75,2.71
170,Lovozero,RU,2021-04-06 21:29:27,68.005,35.0117,19.78,95,71,7.94
171,Ginda,IN,2021-04-06 21:29:27,30.6945,78.4932,54.59,58,100,8.86
172,Ubinskoye,RU,2021-04-06 21:29:28,55.3068,79.6802,30.78,84,100,12.39
173,Ozuluama,MX,2021-04-06 21:29:28,21.6667,-97.85,84.76,48,0,16.51
174,The Valley,AI,2021-04-06 21:29:18,18.217,-63.0578,80.6,73,20,8.05
175,Alamor,EC,2021-04-06 21:29:28,-4.0181,-80.0197,86.0,66,75,10.36
176,Sao Filipe,CV,2021-04-06 21:29:13,14.8961,-24.4956,76.66,61,0,7.4
177,Crixas,BR,2021-04-06 21:29:29,-14.5489,-49.9692,77.59,80,92,4.47
178,Lavrentiya,RU,2021-04-06 21:29:16,65.5833,-171.0,1.78,84,9,3.94
179,Vardo,NO,2021-04-06 21:29:29,70.3705,31.1107,33.8,69,75,21.85
180,Manono,CD,2021-04-06 21:29:30,-7.3,27.4167,70.81,91,39,3.51
181,Murdochville,CA,2021-04-06 21:29:30,48.9583,-65.5006,39.2,100,100,5.75
182,Esperance,AU,2021-04-06 21:29:05,-33.8667,121.9,64.4,100,90,3.44
183,Portland,US,2021-04-06 21:24:37,45.5234,-122.6762,63.0,38,1,8.05
184,Mar Del Plata,AR,2021-04-06 21:25:39,-38.0023,-57.5575,71.01,94,75,11.5
185,Sairang,IN,2021-04-06 21:29:31,23.8,92.6667,66.9,57,0,3.38
186,Norman Wells,CA,2021-04-06 21:25:17,65.282,-126.8329,6.8,51,75,2.3
187,Progreso,MX,2021-04-06 21:28:23,21.2833,-89.6667,93.2,29,75,10.36
188,San Ignacio,BZ,2021-04-06 21:29:31,17.1561,-89.0714,89.6,51,75,9.22
189,Lebu,CL,2021-04-06 21:28:37,-37.6167,-73.65,58.55,87,100,8.28
190,Kaoma,ZM,2021-04-06 21:29:32,-14.7833,24.8,67.3,63,88,4.45
191,Westerland,DE,2021-04-06 21:29:32,54.9079,8.3033,37.4,70,20,20.71
192,Homer,US,2021-04-06 21:29:32,59.6425,-151.5483,30.0,31,1,5.01
193,Clifton,US,2021-04-06 21:26:05,40.8584,-74.1638,69.8,11,1,11.5
194,Nemuro,JP,2021-04-06 21:25:45,43.3236,145.575,33.49,74,100,7.52
195,Kodiak,US,2021-04-06 21:29:33,57.79,-152.4072,37.4,48,1,12.66
196,East London,ZA,2021-04-06 21:27:07,-33.0153,27.9116,66.34,81,69,16.55
197,Hofn,IS,2021-04-06 21:29:14,64.2539,-15.2082,23.63,53,100,0.4
198,Salina,US,2021-04-06 21:27:08,38.8403,-97.6114,71.01,68,90,25.32
199,Buchanan,LR,2021-04-06 21:29:34,5.8808,-10.0467,80.6,89,75,3.04
200,Namibe,AO,2021-04-06 21:25:18,-15.1961,12.1522,77.74,79,96,2.15
201,Aksu,CN,2021-04-06 21:29:35,41.1231,80.2644,52.56,40,98,8.19
202,Kabinda,CD,2021-04-06 21:29:35,-6.1333,24.4833,67.26,95,100,1.79
203,Paamiut,GL,2021-04-06 21:29:35,61.994,-49.6678,32.31,99,100,2.39
204,Barguzin,RU,2021-04-06 21:29:36,53.6167,109.6167,25.77,84,13,1.39
205,Perehonivka,UA,2021-04-06 21:29:36,48.5355,30.5192,43.11,81,100,12.66
206,Arraial Do Cabo,BR,2021-04-06 21:29:36,-22.9661,-42.0278,77.0,69,20,10.36
207,Great Falls,US,2021-04-06 21:27:32,47.5002,-111.3008,55.99,28,1,9.22
208,Hirara,JP,2021-04-06 21:29:37,24.8,125.2833,68.74,66,0,24.14
209,Ucluelet,CA,2021-04-06 21:26:08,48.9329,-125.5528,50.0,81,90,8.05
210,Beringovskiy,RU,2021-04-06 21:29:37,63.05,179.3167,-3.03,84,12,7.0
211,Vila Do Maio,CV,2021-04-06 21:29:37,15.1333,-23.2167,78.8,36,0,19.57
212,Mozarlandia,BR,2021-04-06 21:29:38,-14.7447,-50.5706,79.41,77,99,2.62
213,Nome,US,2021-04-06 21:28:09,64.5011,-165.4064,12.2,52,1,7.23
214,Beisfjord,NO,2021-04-06 21:29:38,68.3751,17.5988,30.2,93,90,13.8
215,Hermanus,ZA,2021-04-06 21:29:39,-34.4187,19.2345,59.0,90,30,1.01
216,Saurimo,AO,2021-04-06 21:29:39,-9.6608,20.3916,66.42,91,100,0.74
217,Bengkulu,ID,2021-04-06 21:25:57,-3.8004,102.2655,74.1,87,99,4.74
218,Sistranda,NO,2021-04-06 21:29:39,63.7256,8.834,35.6,87,75,24.16
219,Shelabolikha,RU,2021-04-06 21:29:40,53.4131,82.6167,37.4,75,0,6.71
220,Tiksi,RU,2021-04-06 21:25:34,71.6872,128.8694,-13.2,99,44,6.24
221,Port Augusta,AU,2021-04-06 21:29:40,-32.5,137.7667,53.6,94,0,3.44
222,Ouadda,CF,2021-04-06 21:29:40,8.0777,22.4007,78.78,19,93,1.07
223,Hambantota,LK,2021-04-06 21:29:14,6.1241,81.1185,75.2,100,40,3.44
224,Korla,CN,2021-04-06 21:29:41,41.7597,86.1469,54.68,27,100,9.1
225,Jibuti,DJ,2021-04-06 21:29:41,11.5,42.5,80.6,61,1,13.35
226,Umkomaas,ZA,2021-04-06 21:29:41,-30.2067,30.7978,68.0,97,95,1.01
227,Bada,RU,2021-04-06 21:29:42,51.392,109.8717,26.94,85,6,3.24
228,Cherskiy,RU,2021-04-06 21:29:42,68.75,161.3,-15.59,95,26,1.43
229,Itarema,BR,2021-04-06 21:27:27,-2.9248,-39.9167,80.78,76,100,13.22
230,Athni,IN,2021-04-06 21:29:43,16.7333,75.0667,83.23,34,13,8.41
231,Arlit,NE,2021-04-06 21:29:43,18.7369,7.3853,84.69,5,3,5.19
232,Sulangan,PH,2021-04-06 21:29:43,11.1373,123.7228,80.13,79,95,19.19
233,Abu Kamal,SY,2021-04-06 21:29:44,34.4506,40.9171,71.58,26,0,12.75
234,Zhigansk,RU,2021-04-06 21:28:48,66.7697,123.3711,-12.48,99,95,9.91
235,Hasaki,JP,2021-04-06 21:29:44,35.7333,140.8333,43.0,93,40,4.61
236,Ayrum,AM,2021-04-06 21:29:45,41.1898,44.9014,48.2,76,0,11.5
237,Taoudenni,ML,2021-04-06 21:29:45,22.6783,-3.9836,85.6,11,0,9.08
238,Mayor Pablo Lagerenza,PY,2021-04-06 21:29:45,-19.9309,-60.7718,82.96,61,73,5.99
239,Placido De Castro,BR,2021-04-06 21:29:45,-10.3353,-67.1856,85.48,69,58,3.22
240,Nizhneudinsk,RU,2021-04-06 21:29:46,54.9076,99.0276,31.6,91,4,3.42
241,Mangrol,IN,2021-04-06 21:29:46,21.1167,70.1167,78.55,75,0,10.58
242,Udachnyy,RU,2021-04-06 21:29:47,66.4167,112.4,17.96,95,100,5.14
243,Sorland,NO,2021-04-06 21:29:47,67.667,12.6934,35.6,69,75,29.93
244,Cassilandia,BR,2021-04-06 21:29:47,-19.1133,-51.7342,75.09,68,85,3.49
245,Chicama,PE,2021-04-06 21:29:48,-7.8447,-79.1469,69.8,88,40,10.36
246,Leningradskiy,RU,2021-04-06 21:28:47,69.3833,178.4167,-8.01,91,65,6.08
247,High Level,CA,2021-04-06 21:29:48,58.5169,-117.136,37.4,70,75,9.22
248,Saint-Pierre,RE,2021-04-06 21:29:48,-21.3393,55.4781,78.8,69,0,5.75
249,Maragogi,BR,2021-04-06 21:29:49,-9.0122,-35.2225,78.44,78,99,7.81
250,Hualmay,PE,2021-04-06 21:27:05,-11.0964,-77.6139,73.9,74,94,10.18
251,Lagoa,PT,2021-04-06 21:25:14,39.05,-27.9833,60.04,83,100,9.48
252,Sao Joao Da Barra,BR,2021-04-06 21:26:40,-21.6403,-41.0511,77.0,69,0,9.22
253,Raudeberg,NO,2021-04-06 21:29:50,61.9875,5.1352,37.0,90,91,23.78
254,Dikson,RU,2021-04-06 21:29:50,73.5069,80.5464,-6.41,100,92,5.93
255,Farroupilha,BR,2021-04-06 21:29:50,-29.225,-51.3478,72.0,68,20,6.91
256,Marystown,CA,2021-04-06 21:29:51,47.1666,-55.1483,40.53,96,100,12.35
257,Kruisfontein,ZA,2021-04-06 21:29:40,-34.0033,24.7314,57.0,93,43,5.08
258,Ilulissat,GL,2021-04-06 21:29:51,69.2167,-51.1,19.4,86,75,9.22
259,Klaksvik,FO,2021-04-06 21:29:52,62.2266,-6.589,28.4,69,75,23.02
260,Jackson,US,2021-04-06 21:25:17,42.4165,-122.8345,69.01,34,1,3.2
261,Yulara,AU,2021-04-06 21:29:52,-25.2406,130.9889,62.6,55,1,5.75
262,Rapid Valley,US,2021-04-06 21:29:52,44.0625,-103.1463,35.01,80,90,21.85
263,Kavieng,PG,2021-04-06 21:29:53,-2.5744,150.7967,79.92,82,100,10.8
264,Lethem,GY,2021-04-06 21:29:53,3.3803,-59.7968,75.2,94,90,9.22
265,Ponta Delgada,PT,2021-04-06 21:29:53,37.7333,-25.6667,59.0,94,40,4.61
266,Leshukonskoye,RU,2021-04-06 21:29:54,64.8989,45.7622,38.25,83,99,13.65
267,Chabahar,IR,2021-04-06 21:29:54,25.2919,60.643,78.98,51,0,5.28
268,Carire,BR,2021-04-06 21:29:54,-3.9506,-40.4733,81.1,58,100,2.75
269,Ketchikan,US,2021-04-06 21:24:57,55.3422,-131.6461,37.4,93,90,5.75
270,Khatanga,RU,2021-04-06 21:25:09,71.9667,102.5,-10.07,100,99,7.0
271,Sitka,US,2021-04-06 21:25:03,57.0531,-135.33,33.8,93,90,6.93
272,Nanortalik,GL,2021-04-06 21:29:04,60.1432,-45.2371,34.97,98,100,7.81
273,Hadejia,NG,2021-04-06 21:29:55,12.4498,10.0444,88.57,12,18,8.14
274,Marawi,PH,2021-04-06 21:29:55,7.9986,124.2928,75.99,88,100,4.0
275,Port Hedland,AU,2021-04-06 21:29:56,-20.3167,118.5667,71.6,68,7,8.05
276,Chimore,BO,2021-04-06 21:29:56,-16.9833,-65.1333,78.71,94,100,2.39
277,Cheremshan,RU,2021-04-06 21:29:56,54.6667,51.5,34.83,96,100,10.87
278,Genc,TR,2021-04-06 21:29:57,38.7507,40.5603,52.65,69,92,3.47
279,Mizan Teferi,ET,2021-04-06 21:29:57,6.9833,35.5833,65.68,77,100,2.89
280,Niquero,CU,2021-04-06 21:29:57,20.0431,-77.5828,83.75,54,80,9.75
281,Taksimo,RU,2021-04-06 21:29:58,56.3444,114.8794,11.05,92,88,2.17
282,Ormara,PK,2021-04-06 21:29:58,25.2088,64.6357,81.7,35,0,4.27
283,Mount Gambier,AU,2021-04-06 21:27:05,-37.8333,140.7667,46.4,100,75,3.44
284,Kapiri Mposhi,ZM,2021-04-06 21:29:59,-13.9652,28.6809,59.63,83,92,4.85
285,Santa Maria,BR,2021-04-06 21:29:59,-29.6842,-53.8069,80.6,54,0,4.61
286,Santiago Del Estero,AR,2021-04-06 21:28:12,-27.7951,-64.2615,81.32,64,81,8.88
287,Kovdor,RU,2021-04-06 21:30:00,67.5662,30.4758,26.2,91,76,7.38
288,Holt,US,2021-04-06 21:30:00,42.6406,-84.5153,77.0,36,40,10.36
289,Kalaleh,IR,2021-04-06 21:30:00,37.3807,55.4916,55.4,88,90,6.91
290,Nikolskoye,RU,2021-04-06 21:30:01,59.7035,30.7861,36.0,80,0,8.95
291,Manoharpur,IN,2021-04-06 21:30:01,27.3,75.95,84.2,20,0,6.91
292,Vilyuysk,RU,2021-04-06 21:30:01,63.7553,121.6247,1.36,90,100,6.78
293,Biskamzha,RU,2021-04-06 21:30:02,53.4497,89.5272,35.56,98,100,3.51
294,Mareeba,AU,2021-04-06 21:30:02,-17.0,145.4333,73.99,95,98,1.01
295,Belmonte,BR,2021-04-06 21:30:02,-15.8631,-38.8828,77.0,78,75,2.3
296,Souillac,MU,2021-04-06 21:30:03,-20.5167,57.5167,77.0,94,40,6.91
297,Mount Darwin,ZW,2021-04-06 21:30:03,-16.7725,31.5838,63.7,82,1,7.81
298,Alta Floresta,BR,2021-04-06 21:30:04,-9.8756,-56.0861,87.8,70,40,3.44
299,Broome,US,2021-04-06 21:29:46,42.2506,-75.833,59.0,10,1,13.8
300,Glendive,US,2021-04-06 21:30:04,47.1053,-104.7125,57.0,21,1,3.44
301,Faanui,PF,2021-04-06 21:29:46,-16.4833,-151.75,80.65,62,64,12.08
302,Keti Bandar,PK,2021-04-06 21:30:05,24.1447,67.4497,79.61,71,0,13.8
303,Caceres,ES,2021-04-06 21:30:05,39.522,-6.3748,55.9,61,100,4.56
304,Antalaha,MG,2021-04-06 21:28:08,-14.9003,50.2788,76.68,88,100,3.69
305,Saint-Georges,GD,2021-04-06 21:30:06,12.0564,-61.7485,82.4,74,75,21.85
306,Kem,RU,2021-04-06 21:30:06,64.9555,34.5793,30.54,76,15,14.16
307,Abha,SA,2021-04-06 21:30:07,18.2164,42.5053,68.0,42,10,6.91
308,Dudinka,RU,2021-04-06 21:30:07,69.4058,86.1778,10.6,94,81,11.21
309,Milkovo,RU,2021-04-06 21:30:07,54.7167,158.6167,22.96,64,67,3.0
310,Ternate,ID,2021-04-06 21:30:08,0.8,127.4,80.26,82,100,5.26
311,Makakilo City,US,2021-04-06 21:30:08,21.3469,-158.0858,80.6,44,20,12.66
312,La Peca,PE,2021-04-06 21:30:08,-5.6111,-78.435,78.15,67,86,3.36
313,Quelimane,MZ,2021-04-06 21:30:09,-17.8786,36.8883,77.0,78,75,2.3
314,Jutai,BR,2021-04-06 21:30:09,-5.1833,-68.9,77.88,90,93,1.21
315,Sinnamary,GF,2021-04-06 21:30:09,5.3833,-52.95,78.51,84,86,9.91
316,Minab,IR,2021-04-06 21:30:10,27.1467,57.0801,71.6,78,0,6.91
317,Nioro,GM,2021-04-06 21:30:10,13.35,-15.75,80.11,44,0,10.83
318,Warrington,GB,2021-04-06 21:29:42,53.3925,-2.5802,34.0,83,21,6.76
319,Mercedes,AR,2021-04-06 21:30:11,-34.6515,-59.4307,82.0,55,14,4.0
320,Port Hardy,CA,2021-04-06 21:26:58,50.6996,-127.4199,48.2,71,75,10.36
321,Pangnirtung,CA,2021-04-06 21:30:11,66.1451,-65.7125,10.4,72,20,5.75
322,Kouroussa,GN,2021-04-06 21:30:11,10.65,-9.8833,91.36,25,80,3.62
323,Port Lincoln,AU,2021-04-06 21:29:24,-34.7333,135.8667,62.76,82,0,7.87
324,Basco,PH,2021-04-06 21:30:12,20.4487,121.9702,73.31,73,100,21.07
325,Baruun-Urt,MN,2021-04-06 21:30:12,46.6806,113.2792,33.53,39,95,6.06
326,Popova,RU,2021-04-06 21:30:13,42.9603,131.7228,30.2,74,4,6.71
327,Mago,RU,2021-04-06 21:30:13,53.2514,140.1822,28.08,89,98,2.75
328,Montecchio Maggiore,IT,2021-04-06 21:30:13,45.5037,11.412,41.0,76,97,3.27
329,Iskateley,RU,2021-04-06 21:30:14,67.6803,53.1512,33.12,85,49,17.16
330,Necochea,AR,2021-04-06 21:29:08,-38.5473,-58.7368,79.0,60,9,10.0
331,Tacna,PE,2021-04-06 21:28:26,-18.0056,-70.2483,69.8,78,0,10.36
332,Cockburn Town,TC,2021-04-06 21:30:14,21.4612,-71.1419,74.26,67,100,18.34
333,Uvinza,TZ,2021-04-06 21:30:15,-5.1036,30.3911,65.64,96,87,2.17
334,South Yuba City,US,2021-04-06 21:27:05,39.1166,-121.6391,77.0,38,1,4.61
335,Polovinnoye,RU,2021-04-06 21:30:15,54.7914,65.9864,22.6,99,41,4.94
336,Bereznik,RU,2021-04-06 21:30:16,62.8551,42.7072,35.64,96,100,9.19
337,Sola,VU,2021-04-06 21:30:01,-13.8833,167.55,82.4,83,20,3.44
338,Kondinskoye,RU,2021-04-06 21:30:16,59.6481,67.41,25.57,94,21,6.46
339,Bantou,CN,2021-04-06 21:30:17,26.2151,117.4893,64.45,91,100,2.35
340,San Matias,BO,2021-04-06 21:30:17,-16.3667,-58.4,81.34,66,76,3.85
341,Tual,ID,2021-04-06 21:30:17,-5.6667,132.75,83.64,71,99,5.23
342,Goundam,ML,2021-04-06 21:30:18,16.4145,-3.6708,84.24,5,0,10.18
343,Duiwelskloof,ZA,2021-04-06 21:30:18,-23.6934,30.14,60.42,88,63,3.8
344,Luwuk,ID,2021-04-06 21:27:02,-0.9516,122.7875,77.95,81,15,2.17
345,Khasan,RU,2021-04-06 21:30:18,42.4308,130.6434,41.36,52,10,6.51
346,Atar,MR,2021-04-06 21:25:33,20.5169,-13.0499,85.73,17,11,9.4
347,Panzhihua,CN,2021-04-06 21:30:08,26.5851,101.7128,54.0,86,94,0.74
348,Yerbogachen,RU,2021-04-06 21:30:19,61.2767,108.0108,32.97,94,100,4.97
349,Guliston,UZ,2021-04-06 21:30:19,40.4897,68.7842,53.8,58,36,3.67
350,Beaverlodge,CA,2021-04-06 21:30:20,55.2166,-119.4361,42.8,61,75,18.41
351,Cap Malheureux,MU,2021-04-06 21:30:20,-19.9842,57.6142,77.0,94,40,6.91
352,Sevsk,RU,2021-04-06 21:30:20,52.1491,34.4926,43.38,73,100,11.41
353,Paramonga,PE,2021-04-06 21:30:21,-10.6667,-77.8333,72.79,78,94,9.64
354,Petropavlovsk-Kamchatskiy,RU,2021-04-06 21:26:16,53.0452,158.6483,23.0,74,8,8.95
355,Ulaangom,MN,2021-04-06 21:30:15,49.9811,92.0667,35.2,39,7,3.11
356,Xining,CN,2021-04-06 21:29:47,36.6167,101.7667,36.59,76,100,3.02
357,Honiara,SB,2021-04-06 21:30:21,-9.4333,159.95,77.13,94,100,7.65
358,Krasnoselkup,RU,2021-04-06 21:30:22,65.7,82.4667,31.91,98,100,11.05
359,Palembang,ID,2021-04-06 21:26:05,-2.9167,104.7458,74.75,94,96,3.2
360,San Pedro,PH,2021-04-06 21:30:22,14.35,121.0167,81.0,73,20,7.56
361,Iquique,CL,2021-04-06 21:27:49,-20.2208,-70.1431,69.8,73,75,19.57
362,Caravelas,BR,2021-04-06 21:28:50,-17.7125,-39.2481,75.7,69,2,5.3
363,Takoradi,GH,2021-04-06 21:30:23,4.8845,-1.7554,80.65,86,7,6.91
364,Batagay-Alyta,RU,2021-04-06 21:30:23,67.8006,130.4114,-20.34,95,15,4.14
365,Kiunga,PG,2021-04-06 21:25:41,-6.1219,141.2906,73.58,99,100,2.86
366,Ambilobe,MG,2021-04-06 21:30:24,-13.2,49.05,74.55,95,98,2.93
367,Jining,CN,2021-04-06 21:30:24,35.405,116.5814,51.78,52,100,2.15
368,La Palma,US,2021-04-06 21:30:24,33.8464,-118.0467,73.0,60,75,10.36
369,Hohhot,CN,2021-04-06 21:30:25,40.8106,111.6522,30.2,86,0,2.24
370,Quatre Cocos,MU,2021-04-06 21:30:25,-20.2078,57.7625,77.0,94,40,3.44
371,La Ronge,CA,2021-04-06 21:30:25,55.1001,-105.2842,50.0,37,73,6.91
372,Taraza,CO,2021-04-06 21:30:26,7.5836,-75.4007,80.15,89,100,0.85
373,Bethel,US,2021-04-06 21:25:38,41.3712,-73.414,66.2,22,1,14.97
374,Mandan,US,2021-04-06 21:30:26,46.8267,-100.8896,54.0,35,20,11.5
375,Sabang,ID,2021-04-06 21:30:27,5.8933,95.3214,81.59,74,100,11.61
376,Eyl,SO,2021-04-06 21:30:27,7.9803,49.8164,76.64,62,87,10.0
377,Petranka,UA,2021-04-06 21:30:27,48.9025,24.3035,27.84,94,100,3.53
378,Aswan,EG,2021-04-06 21:30:28,24.0934,32.907,79.25,9,0,8.97
379,Ahipara,NZ,2021-04-06 21:30:28,-35.1667,173.1667,66.67,66,100,8.84
380,Saint George,US,2021-04-06 21:30:04,37.1041,-113.5841,73.0,8,1,3.44
381,Wenling,CN,2021-04-06 21:30:28,28.3669,121.36,57.0,82,75,6.42
382,San Carlos De Bariloche,AR,2021-04-06 21:30:29,-41.1456,-71.3082,63.0,55,75,17.27
383,Kirakira,SB,2021-04-06 21:26:51,-10.4544,161.9205,79.79,86,81,12.21
384,Rio Grande,BR,2021-04-06 21:30:29,-32.035,-52.0986,78.8,73,40,11.5
385,Bisho,ZA,2021-04-06 21:30:30,-32.8472,27.4422,57.69,91,47,8.41
386,Komsomolskiy,UZ,2021-04-06 21:30:30,40.4272,71.7189,50.0,62,94,0.92
387,Noumea,NC,2021-04-06 21:30:04,-22.2763,166.4572,80.01,83,90,8.95
388,Warri,NG,2021-04-06 21:30:30,5.5167,5.75,78.19,91,85,3.33
389,Lorengau,PG,2021-04-06 21:25:55,-2.0226,147.2712,81.72,76,87,7.45
390,Sal Rei,CV,2021-04-06 21:30:31,16.1833,-22.9167,69.8,83,20,17.27
391,Eureka,US,2021-04-06 21:28:32,40.8021,-124.1637,60.01,72,0,8.99
392,Jalu,LY,2021-04-06 21:30:31,29.0331,21.5482,64.17,60,93,15.14
393,Helmsdale,GB,2021-04-06 21:30:32,58.1168,-3.6517,35.6,82,75,14.97
394,Northam,GB,2021-04-06 21:30:32,51.0333,-4.2167,39.99,76,71,11.99
395,Dosso,NE,2021-04-06 21:30:32,13.049,3.1937,86.54,9,93,5.35
396,Nara,JP,2021-04-06 21:30:33,34.6851,135.8049,48.99,81,20,8.05
397,Bumbuna,SL,2021-04-06 21:30:33,9.05,-11.7333,74.03,91,98,1.54
398,Vanimo,PG,2021-04-06 21:26:50,-2.6741,141.3028,76.91,89,98,4.56
399,Okato,NZ,2021-04-06 21:30:33,-39.2,173.8833,55.99,98,1,3.91
400,Krasnovishersk,RU,2021-04-06 21:30:34,60.4078,57.082,31.19,96,100,2.71
401,Villa Maria,AR,2021-04-06 21:25:35,-32.4075,-63.2402,78.01,67,8,3.0
402,Vagur,FO,2021-04-06 21:30:34,61.4732,-6.8119,31.23,65,100,25.28
403,Campbellsville,US,2021-04-06 21:30:35,37.3434,-85.3419,75.2,43,1,6.91
404,Gewane,ET,2021-04-06 21:30:35,10.1664,40.6453,77.43,23,80,5.73
405,Port Moresby,PG,2021-04-06 21:30:35,-9.4431,147.1797,78.37,86,97,5.37
406,Lata,PT,2021-04-06 21:30:35,40.1629,-8.3327,57.0,94,75,3.44
407,Sur,OM,2021-04-06 21:30:36,22.5667,59.5289,79.68,29,0,2.28
408,Greenville,US,2021-04-06 21:25:43,35.6127,-77.3663,84.0,24,1,9.4
409,Aksaray,TR,2021-04-06 21:30:36,38.3726,34.0254,57.2,38,75,8.05
410,Ngara,TZ,2021-04-06 21:30:37,-2.5122,30.6558,57.99,96,96,1.41
411,Ciudad Bolivar,VE,2021-04-06 21:30:37,8.1222,-63.5497,84.56,60,100,11.65
412,Inza,RU,2021-04-06 21:30:37,53.8533,46.3586,31.17,94,90,6.73
413,Cayenne,GF,2021-04-06 21:30:38,4.9333,-52.3333,81.0,94,75,3.44
414,Puerto Del Rosario,ES,2021-04-06 21:30:38,28.5004,-13.8627,66.2,59,20,5.75
415,Haines Junction,CA,2021-04-06 21:30:38,60.7522,-137.5108,19.4,42,100,8.05
416,Dalnegorsk,RU,2021-04-06 21:30:39,44.5604,135.5701,36.48,53,78,10.83
417,Murray Bridge,AU,2021-04-06 21:30:05,-35.1167,139.2667,54.0,100,0,1.72
418,Kudahuvadhoo,MV,2021-04-06 21:30:39,2.6708,72.8944,84.2,58,100,2.93
419,Sesheke,ZM,2021-04-06 21:30:40,-17.4759,24.2968,65.79,66,23,4.76
420,Lazaro Cardenas,MX,2021-04-06 21:30:40,17.9583,-102.2,84.0,53,0,12.71
421,Kemijarvi,FI,2021-04-06 21:30:40,66.7131,27.4306,28.9,94,51,7.92
422,San Luis,AR,2021-04-06 21:29:22,-33.295,-66.3356,81.54,40,1,11.41
423,Rawson,AR,2021-04-06 21:30:41,-43.3002,-65.1023,66.0,88,100,9.82
424,Kaka,TM,2021-04-06 21:30:41,37.3482,59.6143,62.51,32,41,5.55
425,Ust-Kuyga,RU,2021-04-06 21:30:41,70.0167,135.6,-13.99,99,96,5.14
426,Manokwari,ID,2021-04-06 21:30:42,-0.8667,134.0833,78.73,80,97,2.1
427,Tuktoyaktuk,CA,2021-04-06 21:28:49,69.4541,-133.0374,-9.4,77,75,11.5
428,Byron Bay,AU,2021-04-06 21:27:57,-28.65,153.6167,71.6,88,75,12.66
429,Larap,PH,2021-04-06 21:30:42,14.299,122.6504,76.06,83,81,11.27
430,Cap-Aux-Meules,CA,2021-04-06 21:30:43,47.3821,-61.8597,42.8,93,100,8.05
431,Fez,MA,2021-04-06 21:30:23,34.0372,-4.9998,59.0,77,0,4.61
432,Sierra Vista,US,2021-04-06 21:29:24,31.5545,-110.3037,80.01,4,20,24.16
433,Tolaga Bay,NZ,2021-04-06 21:30:43,-38.3667,178.3,65.43,74,28,8.41
434,Moron,AR,2021-04-06 21:26:53,-34.6534,-58.6198,80.01,69,9,4.0
435,Lasa,IT,2021-04-06 21:28:43,46.6166,10.7002,42.8,58,0,6.91
436,Derzhavinsk,KZ,2021-04-06 21:30:44,51.1,66.3167,35.94,99,97,9.24
437,Vila,PT,2021-04-06 21:30:44,42.0304,-8.1588,53.01,72,0,5.99
438,Katsina,NG,2021-04-06 21:30:45,12.9894,7.6006,85.55,12,2,8.21
439,Alipur Chatha,PK,2021-04-06 21:30:45,32.2688,73.819,62.6,88,40,6.91
440,Kavaratti,IN,2021-04-06 21:29:09,10.5669,72.642,82.89,76,32,9.17
441,Senanga,ZM,2021-04-06 21:30:45,-16.1167,23.2667,68.18,52,25,4.72
442,Goderich,CA,2021-04-06 21:30:41,43.7501,-81.7165,69.8,43,99,13.8
443,Pundaguitan,PH,2021-04-06 21:30:17,6.3711,126.1689,80.33,79,92,7.7
444,Almaznyy,RU,2021-04-06 21:30:46,48.0448,40.045,44.6,81,40,13.42
445,Ippy,CF,2021-04-06 21:30:46,6.2679,21.2247,77.9,39,11,5.26
446,Borazjan,IR,2021-04-06 21:30:47,29.2666,51.2159,71.46,26,22,1.28
447,Hay River,CA,2021-04-06 21:30:47,60.8156,-115.7999,17.6,79,100,10.36
448,Bunia,CD,2021-04-06 21:30:47,1.5667,30.25,65.21,89,100,2.15
449,Teguldet,RU,2021-04-06 21:30:48,57.3064,88.1667,32.65,88,100,9.66
450,Langsa,ID,2021-04-06 21:30:48,4.4683,97.9683,72.79,96,100,1.57
451,Beloha,MG,2021-04-06 21:30:48,-25.1667,45.05,70.34,77,55,7.67
452,Campbell River,CA,2021-04-06 21:30:04,50.0163,-125.2446,51.01,71,75,4.61
453,Sambava,MG,2021-04-06 21:30:49,-14.2667,50.1667,77.47,87,100,5.14
454,Darnetal,FR,2021-04-06 21:30:49,49.4453,1.1514,35.01,93,90,3.44
455,Bellavista,PE,2021-04-06 21:30:33,-7.0561,-76.5911,82.4,74,40,9.22
456,Zhuhai,CN,2021-04-06 21:30:50,22.2769,113.5678,75.99,83,40,13.8
457,Itarare,BR,2021-04-06 21:30:50,-24.1125,-49.3317,63.57,93,77,5.23
458,Deniliquin,AU,2021-04-06 21:30:50,-35.5333,144.9667,59.0,86,0,4.72
459,Guhagar,IN,2021-04-06 21:30:51,17.4842,73.1929,78.6,58,53,6.71
460,Champagnole,FR,2021-04-06 21:30:51,46.7445,5.9135,30.99,76,66,1.99
461,Hue,VN,2021-04-06 21:30:51,16.4667,107.6,77.0,94,40,3.44
462,La Roda,ES,2021-04-06 21:30:52,39.2167,-2.15,57.0,54,0,6.91
463,Mikumi,TZ,2021-04-06 21:30:52,-7.4041,36.9831,69.53,98,76,2.3
464,Pendencias,BR,2021-04-06 21:30:52,-5.26,-36.7222,83.21,54,44,18.9
465,Drayton Valley,CA,2021-04-06 21:30:53,53.2168,-114.9854,51.01,39,100,10.31
466,Iquitos,PE,2021-04-06 21:28:58,-3.7481,-73.2472,87.8,66,40,5.75
467,Coralville,US,2021-04-06 21:30:53,41.6764,-91.5805,78.8,41,40,13.8
468,Turukhansk,RU,2021-04-06 21:30:54,65.8167,87.9833,32.5,98,100,9.53
469,Westport,US,2021-04-06 21:30:41,41.1415,-73.3579,66.2,26,1,13.8
470,Camacha,PT,2021-04-06 21:30:54,33.0833,-16.3333,62.6,77,20,9.22
471,Moba,CN,2021-04-06 21:30:55,33.2288,105.0179,41.79,87,58,5.48
472,Ballarat,AU,2021-04-06 21:30:55,-37.5662,143.8496,59.0,88,77,4.97
473,Naliya,IN,2021-04-06 21:30:55,23.2667,68.8333,78.01,75,0,9.84
474,Riverton,US,2021-04-06 21:26:05,40.5219,-111.9391,46.0,70,90,4.61
475,Oistins,BB,2021-04-06 21:28:15,13.0667,-59.5333,82.4,57,40,14.97
476,Mersing,MY,2021-04-06 21:30:56,2.4312,103.8405,80.6,89,99,3.44
477,Dargaville,NZ,2021-04-06 21:30:56,-35.9333,173.8833,66.88,63,100,7.61
478,Ust-Barguzin,RU,2021-04-06 21:30:57,53.45,108.9833,21.4,91,47,3.06
479,Coihaique,CL,2021-04-06 21:29:51,-45.5752,-72.0662,59.0,63,75,5.75
480,Tianpeng,CN,2021-04-06 21:30:57,30.9866,103.9393,57.0,1,100,3.69
481,Verkhoyansk,RU,2021-04-06 21:30:57,67.5447,133.385,-15.39,97,55,3.11
482,Urumqi,CN,2021-04-06 21:30:58,43.801,87.6005,50.0,50,0,8.95
483,Katangli,RU,2021-04-06 21:30:58,51.7102,143.2326,28.08,92,82,4.16
484,Mongo,TD,2021-04-06 21:30:58,12.1844,18.693,87.91,12,2,6.8
485,Chiredzi,ZW,2021-04-06 21:30:49,-21.05,31.6667,63.81,57,0,6.98
486,Touros,BR,2021-04-06 21:30:33,-5.1989,-35.4608,80.6,74,0,9.22
487,Barda,AZ,2021-04-06 21:30:59,40.3744,47.1267,49.33,60,2,2.55
488,Lensk,RU,2021-04-06 21:31:00,60.7253,114.9278,26.65,97,100,4.07
489,Saint-Ambroise,CA,2021-04-06 21:31:00,48.5501,-71.3324,55.4,62,100,3.44
490,Tres Palos,MX,2021-04-06 21:31:00,18.1833,-101.6167,86.0,62,1,10.04
491,Belyy Yar,RU,2021-04-06 21:31:01,53.6039,91.3903,37.4,75,0,2.24
492,Jacareacanga,BR,2021-04-06 21:31:01,-6.2222,-57.7528,80.15,80,99,0.78
493,Mahanoro,MG,2021-04-06 21:31:01,-19.9,48.8,74.3,90,100,9.15
494,Fairbanks,US,2021-04-06 21:31:02,64.8378,-147.7164,12.0,61,20,1.66
495,Karacabey,TR,2021-04-06 21:31:02,40.2152,28.4038,62.6,72,40,11.5
496,Marzuq,YE,2021-04-06 21:31:02,14.4,46.4667,67.73,41,9,3.4
497,Parana,AR,2021-04-06 21:29:07,-31.732,-60.5238,84.99,59,15,1.01
498,Ndioum,SN,2021-04-06 21:31:03,16.5129,-14.6471,91.4,29,0,2.3
499,Coquimbo,CL,2021-04-06 21:30:47,-29.9533,-71.3436,66.2,68,0,11.5
500,San Angelo,US,2021-04-06 21:30:36,31.4638,-100.437,90.0,27,1,24.16
501,Smithers,CA,2021-04-06 21:31:03,54.7804,-127.1743,44.6,53,75,4.61
502,Nuuk,GL,2021-04-06 21:26:44,64.1835,-51.7216,24.8,93,20,11.5
503,Lucea,JM,2021-04-06 21:31:04,18.451,-78.1736,82.0,74,20,21.85
504,Alexandria,EG,2021-04-06 21:29:18,31.2156,29.9553,66.2,82,0,2.3
505,Puerto Escondido,MX,2021-04-06 21:31:04,15.85,-97.0667,89.6,70,90,12.66
506,Mocuba,MZ,2021-04-06 21:31:04,-16.8392,36.9856,65.93,89,10,3.4
507,Adrar,MR,2021-04-06 21:31:05,20.5022,-10.0711,81.68,16,13,9.71
508,Punta Cardon,VE,2021-04-06 21:31:05,11.6581,-70.215,80.29,73,89,31.92
509,Tautira,PF,2021-04-06 21:27:31,-17.7333,-149.15,86.0,54,20,8.05
510,Jiayuguan,CN,2021-04-06 21:31:06,39.8167,98.3,41.77,50,0,4.43
511,Bathsheba,BB,2021-04-06 21:31:06,13.2167,-59.5167,82.4,57,40,14.97
512,Three Hills,CA,2021-04-06 21:31:06,51.7001,-113.2686,57.2,19,40,9.22
513,Chauk,MM,2021-04-06 21:31:07,20.8833,94.8167,78.67,67,0,8.01
514,Umm Kaddadah,SD,2021-04-06 21:31:07,13.6017,26.6876,78.93,7,0,11.7
515,Goure,NE,2021-04-06 21:31:07,13.9835,10.2704,82.49,13,44,6.22
516,Virginia Beach,US,2021-04-06 21:30:24,36.8529,-75.978,69.01,22,20,8.05
517,Pelym,RU,2021-04-06 21:31:08,61.0108,61.9978,32.34,91,90,0.87
518,Sabha,LY,2021-04-06 21:29:32,27.0377,14.4283,72.9,22,4,10.58
519,Cam Ranh,VN,2021-04-06 21:31:08,11.9214,109.1591,77.0,78,20,5.75
520,Pipirig,RO,2021-04-06 21:31:09,47.25,26.0667,37.99,99,100,4.79
521,Denizli,TR,2021-04-06 21:31:09,37.8402,29.0698,60.8,25,20,21.85
522,Houston,US,2021-04-06 21:27:28,29.7633,-95.3633,81.0,65,90,24.16
523,Ereymentau,KZ,2021-04-06 21:31:10,51.6199,73.1033,30.83,98,96,7.23
524,Vao,NC,2021-04-06 21:31:10,-22.6667,167.4833,75.72,64,91,15.1
525,Sarai Naurang,PK,2021-04-06 21:31:10,32.8259,70.7814,64.04,55,0,1.23
526,Arman,RU,2021-04-06 21:31:11,59.7,150.1667,14.36,77,21,5.06
527,Lohja,FI,2021-04-06 21:31:11,60.2486,24.0653,36.0,82,100,11.99
528,Newport,GB,2021-04-06 21:31:11,51.5877,-2.9984,37.99,80,38,12.15
529,Rio Gallegos,AR,2021-04-06 21:30:06,-51.6226,-69.2181,53.6,82,40,20.71
530,Ugoofaaru,MV,2021-04-06 21:29:05,5.6667,73.0,82.72,70,81,7.96
531,Isangel,VU,2021-04-06 21:28:27,-19.55,169.2667,80.6,78,20,11.5
532,Takanosu,JP,2021-04-06 21:31:12,40.2219,140.3694,42.3,67,100,1.05
533,Sarangani,PH,2021-04-06 21:31:12,5.4033,125.4636,82.17,73,96,9.08
534,Kharp,RU,2021-04-06 21:31:13,66.8014,65.8081,11.73,85,7,5.39
535,Waingapu,ID,2021-04-06 21:31:13,-9.6567,120.2641,76.39,84,99,4.07
536,Dongying,CN,2021-04-06 21:28:36,37.4564,118.4856,53.19,41,96,2.86
537,Wagar,SD,2021-04-06 21:31:14,16.1525,36.2032,86.2,44,3,8.79
538,Muzhi,RU,2021-04-06 21:31:14,65.3667,64.6667,6.93,98,33,2.57
539,Rio Novo,BR,2021-04-06 21:31:14,-21.4575,-43.1253,68.0,68,75,1.14
540,Fare,PF,2021-04-06 21:31:14,-16.7,-151.0167,80.11,62,71,10.83
541,Mount Isa,AU,2021-04-06 21:30:29,-20.7333,139.5,71.6,56,14,5.75
542,San Bartolome De Tirajana,ES,2021-04-06 21:31:15,27.9248,-15.5733,66.2,68,20,5.75
543,Changji,CN,2021-04-06 21:27:04,44.0167,87.3167,50.0,50,0,8.95
544,Praia Da Vitoria,PT,2021-04-06 21:31:15,38.7333,-27.0667,60.8,94,40,2.89
545,Stepnyak,KZ,2021-04-06 21:27:35,52.8339,70.7803,30.42,95,86,8.01
546,Nouakchott,MR,2021-04-06 21:31:16,18.0858,-15.9785,75.2,60,0,16.11
547,Inhambane,MZ,2021-04-06 21:31:16,-23.865,35.3833,72.5,70,28,9.8
